﻿product_id,product_name,category,price
Product_A,Smart TV,Electronics,99.99
Product_B,Coffee Maker,Home,49.99
Product_C,Men's T-Shirt,Clothing,29.99
Product_D,Fiction Novel,Books,19.99
Product_E,Tennis Racket,Sports,79.99
Product_F,Face Moisturizer,Beauty,39.99
Product_G,Car Vacuum Cleaner,Automotive,59.99
Product_H,Building Blocks Set,Toys,24.99
Product_I,Acoustic Guitar,Music,14.99
Product_J,Vitamin C Supplement,Health,9.99
Product_K,Laptop,Electronics,199.99
Product_L,Vacuum Cleaner,Home,99.99
Product_M,Women's Jeans,Clothing,49.99
Product_N,Self-Help Book,Books,29.99
Product_O,Basketball,Sports,129.99
Product_P,Hair Dryer,Beauty,59.99
Product_Q,Car Seat Covers,Automotive,89.99
Product_R,Action Figure,Toys,34.99
Product_S,Bluetooth Speaker,Music,24.99
Product_T,Digital Thermometer,Health,14.99
Product_U,4K Ultra HD TV,Electronics,299.99
Product_V,Air Purifier,Home,149.99
Product_W,Winter Jacket,Clothing,79.99
Product_X,Cookbooks Collection,Books,39.99
Product_Y,Treadmill,Sports,179.99
Product_Z,Makeup Kit,Beauty,79.99
Product_AA,Portable Jump Starter,Automotive,119.99
Product_BB,Remote Control Car,Toys,44.99
Product_CC,Electric Keyboard,Music,34.99
Product_DD,Blood Pressure Monitor,Health,19.99
